title,date,location,meet url id,old weight classes
5th International Qatar Cup,"Dec 19, 2018","DOHA, QAT",?event_id=444,false
5th International Solidarity Championships,"Dec 08, 2018","CAIRO, EGY",?event_id=445,false
II International Senior CSLP Cup,"Dec 07, 2018","Guayaquil, ECU",?event_id=442,false
II International Junior CSLP Cup,"Dec 07, 2018","Guayaquil, ECU",?event_id=443,false
2018 IWF World Championships,"Nov 01, 2018","Ashgabat, TKM",?event_id=441,false
6th Qatar International Cup,"Dec 19, 2019","Doha, QAT",?event_id=495,false
IWF World Cup,"Dec 10, 2019","Tianjin, CHN",?event_id=491,false
European Youth Championships,"Dec 07, 2019","Eilat, ISR",?event_id=498,false
International BA Open,"Dec 01, 2019","Buenos Aires, ARG",?event_id=493,false
South American Junior Championships,"Dec 01, 2019","Buenos Aires, ARG",?event_id=494,false
SEA Games,"Nov 30, 2019","Manila, PHI",?event_id=490,false
17th International Tournament of France Denis Randon,"Nov 15, 2019","Clermont l Hérault, FRA",?event_id=492,false
International Naim Suleymanoglu Tournament,"Nov 11, 2019","Gaziantep, TUR",?event_id=489,false
2019 IWF Grand Prix ODESUR CSLP,"Nov 08, 2019","Lima, PER",?event_id=485,false
Zone 3 African Senior Championships,"Nov 06, 2019","Antananarivo, MAD",?event_id=488,false
Alexander Cup,"Nov 01, 2019","Grodno, BLR",?event_id=487,false
"49th ""Challenge 210""","Oct 24, 2019","Tramelan, SUI",?event_id=481,false
Asian Junior Championships,"Oct 19, 2019","Pyongyang, PRK",?event_id=484,false
Asian Youth Championships,"Oct 19, 2019","Pyongyang, PRK",?event_id=486,false
European U23 Championships,"Oct 17, 2019","Bucharest, ROU",?event_id=483,false
European Junior Championships,"Oct 17, 2019","Bucharest, ROU",?event_id=482,false
Nordic Senior Championships,"Oct 12, 2019","Vigrestad, NOR",?event_id=480,false
12th Mediterranean Cup,"Oct 04, 2019","Serravalle, SMR",?event_id=479,false
San Diego International Open,"Oct 02, 2019","San Diego, USA",?event_id=478,false
2019 IWF World Championships,"Sep 18, 2019","PATTAYA, THA",?event_id=472,false
2019 African Youth Championships,"Sep 06, 2019","Kampala, UGA",?event_id=475,false
2019 African Junior Championships,"Sep 06, 2019","Kampala, UGA",?event_id=474,false
Cup of the Blue Swords,"Aug 28, 2019","Meissen, GER",?event_id=473,false
Pan-American Youth Championships,"Aug 24, 2019","Guayaquil, GUA",?event_id=504,false
12th All African Games,"Aug 24, 2019","Rabat, MAR",?event_id=477,false
Pan American Games,"Jul 26, 2019","Lima, PER",?event_id=476,false
2019 Oceania Junior Championships,"Jul 09, 2019","APIA, SAM",?event_id=465,false
2019 Pacific Games,"Jul 09, 2019","APIA, SAM",?event_id=466,false
2019 Oceania Senior Championships,"Jul 09, 2019","APIA, SAM",?event_id=464,false
2019 Oceania Youth Championships,"Jul 09, 2019","APIA, SAM",?event_id=470,false
2019 Commonwealth Youth Championships,"Jul 09, 2019","APIA, SAM",?event_id=469,false
2019 Commonwealth Junior Championships,"Jul 09, 2019","APIA, SAM",?event_id=468,false
2019 Commonwealth Senior Championships,"Jul 09, 2019","APIA, SAM",?event_id=467,false
Zone 2 African Championship,"Jul 07, 2019","NAIROBI, KEN",?event_id=471,false
Ready Steady Tokyo (Tokyo 2020 Test Event),"Jul 06, 2019","TOKYO, JPN",?event_id=462,false
Pan-American Junior Championships,"Jun 23, 2019","La Habana, CUB",?event_id=463,false
British International Open,"Jun 07, 2019","Coventry, GBR",?event_id=461,false
2019 IWF Junior World Championships,"Jun 01, 2019","SUVA, FIJ",?event_id=457,false
South American Championships,"May 08, 2019","PALMIRA, COL",?event_id=458,false
OPEN Senior Championships,"May 08, 2019","PALMIRA, COL",?event_id=460,false
Ibero-American Championships,"May 08, 2019","PALMIRA, COL",?event_id=459,false
Arafura Games,"Apr 27, 2019","Darwin, AUS",?event_id=456,false
African Championships,"Apr 23, 2019","Cairo, EGY",?event_id=454,false
Pan-American Championships,"Apr 21, 2019","Guatemala City, GUA",?event_id=455,false
Asian Championships,"Apr 18, 2019","Ningbo, CHN",?event_id=453,false
European Championships,"Apr 06, 2019","Batumi, GEO",?event_id=452,false
Zone 1 African Senior Championships,"Mar 20, 2019","Tripoli, LBA",?event_id=450,false
2019 IWF Youth World Championships,"Mar 08, 2019","Las Vegas, USA",?event_id=448,false
Las Vegas International Open,"Mar 07, 2019","Las Vegas, USA",?event_id=449,false
4th International Fajr Cup,"Mar 01, 2019","Teheran, IRI",?event_id=451,false
IWF World Cup,"Feb 22, 2019","Fuzhou, CHN",?event_id=447,false
EGAT's Cup International Weightlifting Championships,"Jan 07, 2019","Chiang Mai, THA",?event_id=446,false
2020 ROGUE Weightlifting Challenge At the Arnold Sports Festival,"Mar 05, 2020","Columbus, USA",?event_id=507,false
"39th Torneo Int. Manuel Suarez"" In Memoriam","Mar 03, 2020","Havana, CUB",?event_id=503,false
Australian Open,"Feb 28, 2020","Canberra, AUS",?event_id=502,false
West Asian Championships,"Feb 25, 2020","Dubai, UAE",?event_id=501,false
Malta International Open,"Feb 23, 2020","Cospicua, MLT",?event_id=500,false
Asian Junior Championships,"Feb 13, 2020","Tashkent, UZB",?event_id=506,false
6th International Solidarity Championships,"Feb 08, 2020","Tashkent, UZB",?event_id=497,false
5th International Fajr Cup,"Feb 01, 2020","Rasht, IRI",?event_id=499,false
Roma 2020 World Cup,"Jan 27, 2020","Roma, ITA",?event_id=496,false
2021 Commonwealth Senior Championships,"Dec 07, 2021","Tashkent, UZB",?event_id=527,false
2021 IWF World Championships,"Dec 07, 2021","Tashkent, UZB",?event_id=522,false
Junior Pan American Games,"Nov 25, 2021","Cali Valle, COL",?event_id=528,false
2021 Pan-American Championships,"Nov 01, 2021","Guayaquil, ECU",?event_id=526,false
PAN-AMERICAN JUNIOR CHAMPIONSHIPS,"Oct 17, 2021","Guadalajara, MEX",?event_id=531,false
2021 IWF Youth World Championships,"Oct 05, 2021","Jeddah, KSA",?event_id=519,false
2020 Junior EXTRA,"Oct 05, 2021","Tashkent, UZB",?event_id=517,false
European Junior Championships,"Sep 24, 2021","Rovaniemi, FIN",?event_id=524,false
Oceania Senior Championships,"Sep 23, 2021","Online, OWF",?event_id=521,false
European Youth Championships,"Aug 20, 2021","Ciechanow, POL",?event_id=525,false
PAN-AMERICAN YOUTH CHAMPIONSHIPS,"Aug 16, 2021","MONTERREY, MEX",?event_id=523,false
XXXII OLYMPIC GAMES,"Jul 23, 2021","Tokyo, JPN",?event_id=518,false
2020 PAN-AMERICAN JUNIOR CHAMPIONSHIPS,"Jul 09, 2021","Manizales, COL",?event_id=520,false
2021 African Championships,"May 24, 2021","Nairobi, KEN",?event_id=516,false
2021 IWF Junior World Championships,"May 23, 2021","Tashkent, UZB",?event_id=512,false
2021 South-American Championships,"May 10, 2021","Cali, COL",?event_id=513,false
2021 Ibero-American Championships,"May 10, 2021","Cali, COL",?event_id=514,false
2021 Open Championships,"May 10, 2021","Cali, COL",?event_id=515,false
2020 Pan-American Championships,"Apr 18, 2021","Santo Domingo, DOM",?event_id=510,false
2020 Asian Championships,"Apr 17, 2021","Tashkent, UZB",?event_id=509,false
European Championships,"Apr 03, 2021","Moscow, RUS",?event_id=508,false
2022 IWF World Championships,"Dec 05, 2022","Bogota, COL",?event_id=562,false
Pan-American Youth Championships ,"Nov 20, 2022","Guatemala City, GUA",?event_id=544,false
II International Naim Suleymanoglu Tournament,"Nov 15, 2022","Ankara, TUR",?event_id=560,false
African Championships,"Oct 26, 2022","Cairo, EGY",?event_id=563,false
Pan-American Junior Championships,"Oct 19, 2022","Lima, PER",?event_id=558,false
South American Youth Championships,"Oct 19, 2022","Lima, PER",?event_id=565,false
South American Junior Championships,"Oct 19, 2022","Lima, PER",?event_id=561,false
European Junior Championships,"Oct 15, 2022","Durres, ALB",?event_id=557,false
Asian Championships,"Oct 06, 2022","Manama, BRN",?event_id=556,false
XII South American Games,"Oct 02, 2022","Asuncion, PAR",?event_id=555,false
African Junior Championships,"Sep 01, 2022","Marrakesh, MAR",?event_id=545,false
African Youth Championships,"Sep 01, 2022","Marrakesh, MAR",?event_id=554,false
5th Islamic Solidarity Games,"Aug 11, 2022","Konya,  TUR",?event_id=553,false
European Youth Championships,"Aug 10, 2022","Raszyn, POL",?event_id=552,false
XXII Commonwealth Games,"Jul 30, 2022","Birmingham, ENG",?event_id=551,false
Pan-American Championships,"Jul 24, 2022","Bogota, COL",?event_id=550,false
Asian Junior Championships,"Jul 15, 2022","Tashkent, UZB",?event_id=564,false
Asian Youth Championships,"Jul 15, 2022","Tashkent, UZB",?event_id=549,false
19th Mediterranean Games,"Jul 01, 2022","Oran, ALG",?event_id=548,false
XIX Bolivarian Games,"Jun 29, 2022","Valledupar, COL",?event_id=547,false
Pacific Mini Games + Oceania Senior Championships,"Jun 18, 2022","Saipan, NMI",?event_id=546,false
2022 IWF Youth World Championships,"Jun 11, 2022","Leon, MEX",?event_id=530,false
2022 European Championships,"May 28, 2022","Tirana, ALB",?event_id=532,false
Oceania Youth Championships,"May 20, 2022","Online, OWF",?event_id=566,false
Oceania Junior Championships,"May 20, 2022","Online, OWF",?event_id=543,false
31st SEA Games,"May 19, 2022","Hanoi, VIE",?event_id=542,false
III South American Youth Games,"May 06, 2022","Rosario, ARG",?event_id=541,false
2022 IWF Junior World Championships,"May 02, 2022","Heraklion, GRE",?event_id=529,false
"XL Torneo Int. ""Manuel Suárez In Memoriam""","Mar 13, 2022","Cardenas, CUB",?event_id=539,false
Commonwealth Games Online Qual. Event,"Feb 27, 2022","Online, ONL",?event_id=538,false
Canadian Invitational,"Feb 26, 2022","Scarbourough, CAN",?event_id=537,false
Mauritius International Open,"Feb 26, 2022","Vacoas, MRI",?event_id=536,false
New Zealand International,"Feb 26, 2022","Auckland, NZL",?event_id=535,false
Singapore Weightlifting International,"Feb 25, 2022","Singapore, SGP",?event_id=534,false
2023 Asian Youth Championships,"Jul 28, 2023","Delhi, IND",?event_id=576,false
2023 Asian Junior Championships,"Jul 28, 2023","Delhi, IND",?event_id=575,false
IWF Grand Prix I,"Jun 08, 2023","Havana, CUB",?event_id=574,false
2023 African Championships,"May 11, 2023","Tunis, TUN",?event_id=571,false
Pan-American Junior Championships,"May 10, 2023","Manizales, COL",?event_id=572,false
2023 Asian Championships,"May 05, 2023","Jinju, KOR",?event_id=570,false
European Championships,"Apr 15, 2023","Yerevan, ARM",?event_id=569,false
2023 IWF World Youth Championships,"Mar 25, 2023","Durres, ALB",?event_id=567,false
Pan-American Championships,"Mar 25, 2023","Bariloche, ARG",?event_id=568,false
2022 IWF World Championships,"Dec 05, 2022","Bogota, COL",?event_id=562,false
Pan-American Youth Championships ,"Nov 20, 2022","Guatemala City, GUA",?event_id=544,false
II International Naim Suleymanoglu Tournament,"Nov 15, 2022","Ankara, TUR",?event_id=560,false
African Championships,"Oct 26, 2022","Cairo, EGY",?event_id=563,false
Pan-American Junior Championships,"Oct 19, 2022","Lima, PER",?event_id=558,false
South American Junior Championships,"Oct 19, 2022","Lima, PER",?event_id=561,false
South American Youth Championships,"Oct 19, 2022","Lima, PER",?event_id=565,false
European Junior Championships,"Oct 15, 2022","Durres, ALB",?event_id=557,false
Asian Championships,"Oct 06, 2022","Manama, BRN",?event_id=556,false
XII South American Games,"Oct 02, 2022","Asuncion, PAR",?event_id=555,false
African Youth Championships,"Sep 01, 2022","Marrakesh, MAR",?event_id=554,false
African Junior Championships,"Sep 01, 2022","Marrakesh, MAR",?event_id=545,false
5th Islamic Solidarity Games,"Aug 11, 2022","Konya, TUR",?event_id=553,false
European Youth Championships,"Aug 10, 2022","Raszyn, POL",?event_id=552,false
XXII Commonwealth Games,"Jul 30, 2022","Birmingham, ENG",?event_id=551,false
Pan-American Championships,"Jul 24, 2022","Bogota, COL",?event_id=550,false
Asian Junior Championships,"Jul 15, 2022","Tashkent, UZB",?event_id=564,false
Asian Youth Championships,"Jul 15, 2022","Tashkent, UZB",?event_id=549,false
19th Mediterranean Games,"Jul 01, 2022","Oran, ALG",?event_id=548,false
XIX Bolivarian Games,"Jun 29, 2022","Valledupar, COL",?event_id=547,false
Pacific Mini Games + Oceania Senior Championships,"Jun 18, 2022","Saipan, NMI",?event_id=546,false
2022 IWF Youth World Championships,"Jun 11, 2022","Leon, MEX",?event_id=530,false
2022 European Championships,"May 28, 2022","Tirana, ALB",?event_id=532,false
Oceania Junior Championships,"May 20, 2022","Online, OWF",?event_id=543,false
Oceania Youth Championships,"May 20, 2022","Online, OWF",?event_id=566,false
31st SEA Games,"May 19, 2022","Hanoi, VIE",?event_id=542,false
III South American Youth Games,"May 06, 2022","Rosario, ARG",?event_id=541,false
2022 IWF Junior World Championships,"May 02, 2022","Heraklion, GRE",?event_id=529,false
"XL Torneo Int. ""Manuel Suárez In Memoriam""","Mar 13, 2022","Cardenas, CUB",?event_id=539,false
Commonwealth Games Online Qual. Event,"Feb 27, 2022","Online, ONL",?event_id=538,false
New Zealand International,"Feb 26, 2022","Auckland, NZL",?event_id=535,false
Mauritius International Open,"Feb 26, 2022","Vacoas, MRI",?event_id=536,false
Canadian Invitational,"Feb 26, 2022","Scarbourough, CAN",?event_id=537,false
Singapore Weightlifting International,"Feb 25, 2022","Singapore, SGP",?event_id=534,false
2021 IWF World Championships,"Dec 07, 2021","Tashkent, UZB",?event_id=522,false
2021 Commonwealth Senior Championships,"Dec 07, 2021","Tashkent, UZB",?event_id=527,false
Junior Pan American Games,"Nov 25, 2021","Cali Valle, COL",?event_id=528,false
2021 Pan-American Championships,"Nov 01, 2021","Guayaquil, ECU",?event_id=526,false
PAN-AMERICAN JUNIOR CHAMPIONSHIPS,"Oct 17, 2021","Guadalajara, MEX",?event_id=531,false
2021 IWF Youth World Championships,"Oct 05, 2021","Jeddah, KSA",?event_id=519,false
2020 Junior EXTRA,"Oct 05, 2021","Tashkent, UZB",?event_id=517,false
European Junior Championships,"Sep 24, 2021","Rovaniemi, FIN",?event_id=524,false
Oceania Senior Championships,"Sep 23, 2021","Online, OWF",?event_id=521,false
69th MEN's and 12th WOMEN's WORLD CHAMPIONSHIPS,"Nov 10, 1998","Lahti, FIN",?event_id=96,true
24th MEN's and 4th WOMEN's JUNIOR WORLD CHAMPIONSHIPS,"May 18, 1998","Sofia, BUL",?event_id=158,true
1st UNIVERSITY WORLD CUP,"Apr 24, 1998","Ramat Gan, ISR",?event_id=314,true
70th MEN's and 13th WOMEN's WORLD CHAMPIONSHIPS,"Nov 21, 1999","Athens, GRE",?event_id=99,true
25th MEN's and 5th WOMEN's JUNIOR WORLD CHAMPIONSHIPS,"Jul 03, 1999","Savannah, USA",?event_id=156,true
2nd UNIVERSITY WORLD CUP,"May 01, 1999","Chiba, JPN",?event_id=315,true
XXVII OLYMPIC GAMES,"Sep 16, 2000","Sydney, AUS",?event_id=71,true
26th MEN's and 6th WOMEN's JUNIOR WORLD CHAMPIONSHIPS,"Jul 02, 2000","Prague, CZE",?event_id=154,true
3rd UNIVERSITY WORLD CUP,"Jun 09, 2000","Montreal, CAN",?event_id=81,true
OLYMPIC TEST EVENT,"Mar 25, 2000","Sydney, AUS",?event_id=79,true
71st MEN's and 14th WOMEN's WORLD CHAMPIONSHIPS,"Nov 04, 2001","Antalya, TUR",?event_id=89,true
27th MEN's and 7th WOMEN's JUNIOR WORLD CHAMPIONSHIPS,"Jul 01, 2001","Thessaloniki, GRE",?event_id=152,true
4th UNIVERSITY WORLD CUP,"Jun 08, 2001","Ruzomberok, SVK",?event_id=317,true
72nd MEN's and 15th WOMEN's WORLD CHAMPIONSHIPS,"Nov 18, 2002","Warsaw, POL",?event_id=91,true
5th UNIVERSITY WORLD CUP,"Jun 28, 2002","Izmir, TUR",?event_id=318,true
28th MEN's and 8th WOMEN's JUNIOR WORLD CHAMPIONSHIPS,"May 30, 2002","Havirov, CZE",?event_id=150,true
73rd MEN's and 16th WOMEN's WORLD CHAMPIONSHIPS,"Nov 14, 2003","Vancouver, CAN",?event_id=94,true
6th UNIVERSITY WORLD CUP,"Jul 11, 2003","Pavia, ITA",?event_id=319,true
29th MEN's and 9th WOMEN's JUNIOR WORLD CHAMPIONSHIPS,"Jun 01, 2003","Hermosillo, MEX",?event_id=146,true
XXVIII OLYMPIC GAMES,"Aug 14, 2004","Athens, GRE",?event_id=4,true
7th UNIVERSITY WORLD CUP,"Jul 01, 2004","Emmitsburg, USA",?event_id=320,true
30th MEN's and 10th WOMEN's JUNIOR WORLD CHAMPIONSHIPS,"May 24, 2004","Minsk, BLR",?event_id=138,true
3rd WEST ASIAN GAMES,"Dec 02, 2005","Doha, QAT",?event_id=2,true
74th MEN's and 17th WOMEN's CENTENNIAL WORLD CHAMPIONSHIPS,"Nov 08, 2005","Doha, QAT",?event_id=3,true
8th UNIVERSITY WORLD CUP,"Jul 08, 2005","Villeneuve-Loubet, FRA",?event_id=321,true
31st MEN's and 11th WOMEN's JUNIOR WORLD CHAMPIONSHIPS,"May 17, 2005","Busan, KOR",?event_id=5,true
75th MEN's and 18th WOMEN's WORLD CHAMPIONSHIPS,"Sep 30, 2006","Santo Domingo, DOM",?event_id=8,true
9th UNIVERSITY WORLD CUP,"Jun 30, 2006","IZMIR, TUR",?event_id=7,true
32nd MEN's and 12th WOMEN's JUNIOR WORLD CHAMPIONSHIPS,"May 28, 2006","Hangzhou, CHN",?event_id=6,true
IWF WORLD CUP,"Nov 26, 2007","Apia, SAM",?event_id=12,true
76th MEN's and 19th WOMEN's WORLD CHAMPIONSHIPS,"Sep 14, 2007","Chiang Mai, THA",?event_id=11,true
10th UNIVERSITY WORLD CUP,"Aug 09, 2007","LIMA, PER",?event_id=10,true
33rd MEN's and 13th WOMEN's JUNIOR WORLD CHAMPIONSHIPS,"Jun 10, 2007","Prague, CZE",?event_id=9,true
1st FISU WORLD UNIVERSITY CHAMPIONSHIPS,"Nov 25, 2008","KOMOTINI, GRE",?event_id=22,true
XXIX OLYMPIC GAMES,"Aug 09, 2008","Beijing, CHN",?event_id=21,true
34th MEN's and 14th WOMEN's JUNIOR WORLD CHAMPIONSHIPS,"Jun 12, 2008","Cali, COL",?event_id=20,true
19th MEN and 8th WOMEN AFRICAN CHAMPIONSHIPS,"May 10, 2008","STRAND, RSA",?event_id=19,true
39th MEN'S and 20th WOMEN'S ASIAN CHAMPIONSHIPS,"Apr 26, 2008","KANAZAWA, JPN",?event_id=18,true
EUROPEAN CHAMPIONSHIPS,"Apr 11, 2008","Lignano-Sabbiadoro, ITA",?event_id=17,true
OCEANIA SENIOR CHAMPIONSHIPS 2008,"Mar 27, 2008","AUCKLAND, NZL",?event_id=16,true
2008 PAN-AMERICAN CHAMPIONSHIPS,"Mar 18, 2008","CALLAO, PER",?event_id=14,true
OLYMPIC TEST EVENT,"Jan 22, 2008","Beijing, CHN",?event_id=13,true
14th JUNIOR WOMEN & 22nd JUNIOR MEN ASIAN CHAMPIONSHIPS,"Dec 16, 2009","Dubai, UAE",?event_id=62,true
SOUTHEAST ASIAN GAMES,"Dec 10, 2009","Vientiane, LAO",?event_id=64,true
5th EAST ASIAN GAMES,"Dec 07, 2009","Hong Kong, HKG",?event_id=63,true
7th DENIS RANDON TOURNAMENT,"Dec 05, 2009","Montpellier, FRA",?event_id=58,true
77th MEN's and 20th WOMEN's WORLD CHAMPIONSHIPS,"Nov 19, 2009","Goyang, KOR",?event_id=41,true
PAN-AMERICAN YOUTHCHAMPIONSHIPS,"Oct 20, 2009","Puerto Rico, PUR",?event_id=61,true
2009 COMMONWEALTH CHAMPIONSHIPS,"Oct 19, 2009","Penang, MAS",?event_id=54,true
2009 COMMONWEALTH JUNIOR CHAMPIONSHIPS,"Oct 19, 2009","Penang, MAS",?event_id=55,true
EUROPEAN U23 CHAMPIONSHIPS,"Oct 11, 2009","Wladyslawowo, POL",?event_id=53,true
2009 PACIFIC MINI GAMES,"Sep 29, 2009","Rarotonga, COK",?event_id=59,true
2nd MONIQUE MAURICE CHALLENGE,"Sep 26, 2009","Villeneuve-Loubet, FRA",?event_id=50,true
EUROPEAN YOUTH CHAMPIONSHIPS,"Sep 06, 2009","Eilat, ISR",?event_id=60,true
XXVII LAUGARICIO CUP,"Sep 04, 2009","Trencin, SVK",?event_id=52,true
"AFRICAN SENIOR (20th MEN, 9th WOMEN) CHAMPIONSHIPS","Jul 31, 2009","Kampala, UGA",?event_id=47,true
"AFRICAN YOUTH (1st MEN, 1st WOMEN) CHAMPIONSHIPS","Jul 31, 2009","Kampala, UGA",?event_id=45,true
"AFRICAN JUNIOR (15th MEN, 10th WOMEN) CHAMPIONSHIPS","Jul 31, 2009","KAMPALA, UGA",?event_id=46,true
EUROPEAN JUNIOR CHAMPIONSHIPS,"Jul 25, 2009","Landskrona, SWE",?event_id=70,true
9th SENIOR GCC CHAMPIONSHIPS,"Jul 01, 2009","Fujairah, UAE",?event_id=68,true
8th JUNIOR GCC CHAMPIONSHIPS,"Jul 01, 2009","Fujairah, UAE",?event_id=66,true
MEDITERRANEAN GAMES,"Jun 26, 2009","Pescara, ITA",?event_id=44,true
35th MEN's and 15th WOMEN's JUNIOR WORLD CHAMPIONSHIPS,"Jun 14, 2009","Bucharest, ROU",?event_id=25,true
2009 PAN-AMERICAN CHAMPIONSHIPS,"Jun 03, 2009","CHICAGO, USA",?event_id=24,true
6th INTERNL. ELEIKO AUSTRIA WOMEN'S TOURNAMENT,"May 21, 2009","Lochen, AUT",?event_id=51,true
2009 IWF YOUTH WORLD CHAMPIONSHIPS,"May 19, 2009","Chiangmai, THA",?event_id=23,true
OCEANIA & SOUTH PACIFIC JUNIOR CHAMPIONSHIPS AND ARAFURA GAMES,"May 12, 2009","Darwin, AUS",?event_id=57,true
OCEANIA & SOUTH PACIFIC SENIOR CHAMPIONSHIPS AND ARAFURA GAMES,"May 12, 2009","Darwin, AUS",?event_id=56,true
21st ASIAN SENIOR WOMEN'S 40th ASIAN SENIOR MEN'S CHAMPIONSHIPS,"May 09, 2009","Taldykorgan, KAZ",?event_id=43,true
31st EUROPEAN SMALL NATIONS TOURNAMENT,"May 01, 2009","Malta, MLT",?event_id=49,true
European Championships,"Apr 04, 2009","Bucharest, ROU",?event_id=48,true
37th EUROPEAN UNION CHAMPIONSHIPS,"Mar 18, 2009","Ciechanow, POL",?event_id=42,true
IWF CONTINENTAL CLUBS GRAND PRIX,"Dec 11, 2010","Penang, MAS",?event_id=124,true
EUROPEAN JUNIOR CHAMPIONSHIPS,"Nov 20, 2010","Limassol, CYP",?event_id=127,true
EUROPEAN U 23 CHAMPIONSHIPS,"Nov 20, 2010","Limassol, CYP",?event_id=125,true
2010 ASIAN GAMES,"Nov 12, 2010","Guangzhou, CHN",?event_id=129,true
XXVI. SIMON BOLIVAR CUP,"Nov 10, 2010","Valencia, VEN",?event_id=131,true
CRIOLLO CUP AND IBEROAMERICAN CUP,"Oct 25, 2010","Caguas, PUR",?event_id=122,true
V. MEDITERRANEAN CUP,"Oct 22, 2010","Bormla, MLT",?event_id=120,true
COMMONWEALTH GAMES,"Oct 03, 2010","Delhi, IND",?event_id=117,true
78th MEN's and 21st WOMEN's WORLD CHAMPIONSHIPS,"Sep 16, 2010","Antalya, TUR",?event_id=116,true
LAUGARICIO CUP,"Sep 03, 2010","Trencin, SVK",?event_id=133,true
1st YOUTH OLYMPIC GAMES,"Aug 14, 2010","Singapore, SIN",?event_id=107,true
2010 AFRICAN CHAMPIONSHIPS,"Aug 02, 2010","Yaounde, CMR",?event_id=119,true
2nd FISU WORLD UNIVERSITY CHAMPIONSHIPS,"Jul 01, 2010","Taichung, TPE",?event_id=98,true
36th MEN's and 16th WOMEN's JUNIOR WORLD CHAMPIONSHIPS,"Jun 11, 2010","Sofia, BUL",?event_id=93,true
2010 PAN AMERICAN CHAMPIONSHIPS,"May 25, 2010","Guatemala, GUA",?event_id=105,true
IWF YOUTH OLYMPIC QUALIFICATION EVENT FOR EUROPE,"May 18, 2010","Valencia, ESP",?event_id=86,true
OCEANIA SENIOR CHAMPIONSHIPS,"May 04, 2010","Suva, FIJ",?event_id=83,true
OCEANIA JUNIOR CHAMPIONSHIPS,"May 04, 2010","Suva, FIJ",?event_id=84,true
OCEANIA YOUTH CHAMPIONSHIPS,"May 04, 2010","Suva, FIJ",?event_id=85,true
IWF YOUTH OLYMPIC QUALIFICATION EVENT FOR PAN AMERICA,"Apr 20, 2010","Chiclayo, PER",?event_id=78,true
ASIAN JUNIOR CHAMPIONSHIPS,"Apr 12, 2010","Tashkent, UZB",?event_id=113,true
12th ASIAN YOUTH WEIGHTLIFTING CHAMPIONSHIPS,"Apr 08, 2010","Tashkent, UZB",?event_id=73,true
PAN-AMERICAN JUNIOR CHAMPIONSHIPS,"Apr 06, 2010","Quito, ECU",?event_id=76,true
EUROPEAN CHAMPIONSHIPS,"Apr 02, 2010","Minsk, BLR",?event_id=72,true
AFRICAN JUNIOR CHAMPIONSHIPS,"Mar 21, 2010","KAIRO, EGY",?event_id=75,true
AFRICAN YOUTH QUALIFICATION CHAMPIONSHIPS,"Mar 21, 2010","CAIRO, EGY",?event_id=74,true
2011 IWF GRAND PRIX - PRESIDENT'S CUP,"Dec 17, 2011","Belgorod, RUS",?event_id=198,true
"""LONDON PREPARES"" INTERNATIONAL INVITATIONAL","Dec 10, 2011","London, GBR",?event_id=196,true
PAN ARAB GAMES,"Dec 09, 2011","Doha, QAT",?event_id=201,true
ASIAN INTER-CLUB JUNIOR CHAMPIONSHIPS,"Nov 25, 2011","Tashkent, UZB",?event_id=199,true
ASIAN INTER-CLUB CHAMPIONSHIPS,"Nov 25, 2011","Tashkent, UZB",?event_id=194,true
26TH SOUTHEAST ASIAN (SEA) GAMES,"Nov 11, 2011","Palembang, INA",?event_id=192,true
2011 IWF WORLD CHAMPIONSHIPS,"Nov 04, 2011","Paris, FRA",?event_id=190,true
2011 PAN AMERICAN GAMES,"Oct 23, 2011","Guadalajara, MEX",?event_id=189,true
2011 COMMONWEALTH CHAMPIONSHIPS,"Oct 10, 2011","Cape Town, RSA",?event_id=180,true
2011 COMMONWEALTH JUNIOR CHAMPIONSHIPS,"Oct 10, 2011","Cape Town, RSA",?event_id=179,true
2011 COMMONWEALTH YOUTH CHAMPIONSHIPS,"Oct 10, 2011","Cape Town, RSA",?event_id=178,true
2011 AFRICAN SENIOR CHAMPIONSHIPS,"Oct 10, 2011","Cape Town,  RSA",?event_id=177,true
4TH INTERNATIONAL TOURNAMENT VLADAN MIHAJLOVIC MEMORIAL,"Oct 08, 2011","Subotica, SRB",?event_id=181,true
EUROPEAN JUNIOR CHAMPIONSHIPS,"Sep 10, 2011","Bucharest, ROU",?event_id=183,true
EUROPEAN U 23 CHAMPIONSHIPS,"Sep 10, 2011","Bucharest, ROU",?event_id=185,true
ASIAN JUNIOR CHAMPIONSHIPS,"Sep 05, 2011","Pattaya, THA",?event_id=175,true
ASIAN YOUTH CHAMPIONSHIPS,"Sep 05, 2011","Pattaya, THA",?event_id=173,true
XIV. PACIFIC GAMES,"Sep 05, 2011","Noumea, NCL",?event_id=171,true
SIMON BOLIVAR INTERNATIONAL TOURNAMENT,"Aug 25, 2011","Valencia, VEN",?event_id=167,true
2011 SOUTH AMERICAN CHAMPIONSHIPS,"Aug 25, 2011","Valencia, VEN",?event_id=165,true
EUROPEAN YOUTH CHAMPIONSHIPS,"Aug 21, 2011","Ciechanow, POL",?event_id=187,true
26th SUMMER UNIVERSIADE,"Aug 12, 2011","Shenzhen, CHN",?event_id=163,true
2011 IWF JUNIOR WORLD CHAMPIONSHIPS,"Jun 29, 2011","Penang, MAS",?event_id=160,true
ARAFURA GAMES AND OCEANIA CHAMPIONSHIPS,"May 11, 2011","Darwin, AUS",?event_id=148,true
2011 IWF YOUTH WORLD CHAMPIONSHIPS,"May 08, 2011","Lima, PER",?event_id=144,true
90TH MEN AND 24TH WOMEN EUROPEAN CHAMPIONSHIPS,"Apr 11, 2011","Kazan, RUS",?event_id=140,true
23RD WOMEN'S AND 42ND MEN'S ASIAN CHAMPIONSHIPS,"Apr 09, 2011","Tongling, CHN",?event_id=142,true
PAN AMERICAN YOUTH (-17) CHAMPIONSHIPS,"Apr 07, 2011","Isla Margarita, VEN",?event_id=161,true
CHINA IWF GRAND PRIX,"Jan 15, 2011","Fujian, CHN",?event_id=135,true
2012 IWF GRAND PRIX - BAKU INTERNATIONAL CUP,"Dec 14, 2012","BAKU, AZE",?event_id=224,true
EUROPEAN JUNIOR CHAMPIONSHIPS,"Nov 29, 2012","Eilat, ISR",?event_id=234,true
AFRICAN JUNIOR CHAMPIONSHIPS,"Nov 18, 2012","Tunis, TUN",?event_id=227,true
AFRICAN YOUTH CHAMPIONSHIPS,"Nov 18, 2012","Tunis, TUN",?event_id=229,true
ASIAN JUNIOR CHAMPIONSHIPS,"Nov 10, 2012","Yangoon, MYA",?event_id=222,true
ASIAN YOUTH CHAMPIONSHIPS,"Nov 08, 2012","Yangoon, MYA",?event_id=220,true
3rd FISU WORLD UNIVERSITY CHAMPIONSHIPS,"Nov 05, 2012","Eilat, ISR",?event_id=217,true
2012 SOUTH AMERICAN CHAMPIONSHIPS,"Oct 24, 2012","Maracaibo, VEN",?event_id=226,true
2012 SOUTH AMERICAN JUNIOR CHAMPIONSHIPS,"Oct 24, 2012","Maracaibo, VEN",?event_id=225,true
2012 IWF GRAND PRIX - PRESIDENT'S CUP,"Oct 12, 2012","ST. Petersburg, RUS",?event_id=216,true
2012 IWF YOUTH WORLD CHAMPIONSHIPS,"Sep 18, 2012","Kosice, SVK",?event_id=215,true
EUROPEAN YOUTH CHAMPIONSHIPS,"Aug 25, 2012","Constanta, ROU",?event_id=218,true
XXX OLYMPIC GAMES,"Jul 27, 2012","London, GBR",?event_id=214,true
PAN AMERICAN YOUTH CHAMPIONSHIPS,"Jun 18, 2012","Vina Del Mar, CHI",?event_id=233,true
2012 COMMONWEALTH JUNIOR CHAMPIONSHIPS,"Jun 04, 2012","Apia, SAM",?event_id=213,true
YOUTH OCEANIA CHAMPIONSHIPS,"Jun 04, 2012","APIA, SAM",?event_id=208,true
OCEANIAN CHAMPIONSHIPS,"Jun 04, 2012","Apia, SAM",?event_id=209,true
JUNIOR OCEANIA CHAMPIONSHIPS,"Jun 04, 2012","Apia, SAM",?event_id=210,true
2012 COMMONWEALTH YOUTH CHAMPIONSHIPS,"Jun 04, 2012","Apia, SAM",?event_id=211,true
2012 COMMONWEALTH CHAMPIONSHIPS,"Jun 04, 2012","Apia, SAM",?event_id=212,true
2012 IWF JUNIOR WORLD CHAMPIONSHIPS,"May 10, 2012","Antigua Guatemala, GUA",?event_id=207,true
PAN-AMERICAN CHAMPIONSHIPS,"May 10, 2012","Antigua Guatemala, GUA",?event_id=206,true
2012 ASIAN CHAMPIONSHIPS,"Apr 22, 2012","Pyeongtaek, KOR",?event_id=205,true
EUROPEAN CHAMPIONSHIPS,"Apr 09, 2012","Antalya, TUR",?event_id=204,true
AFRICAN CHAMPIONSHIPS,"Mar 29, 2012","Nairobi, KEN",?event_id=203,true
PAN AMERICAN JUNIOR CHAMPIONSHIPS,"Mar 20, 2012","Medellin, COL",?event_id=231,true
2013 IWF GRAND PRIX & 2nd BAKU INTERNATIONAL CUP,"Dec 06, 2013","Baku, AZE",?event_id=261,true
2013 COMMONWEALTH YOUTH CHAMPIONSHIPS,"Nov 24, 2013","Penang, MAS",?event_id=263,true
2013 COMMONWEALTH JUNIOR CHAMPIONSHIPS,"Nov 24, 2013","Penang, MAS",?event_id=262,true
2013 COMMONWEALTH CHAMPIONSHIPS,"Nov 24, 2013","Penang, MAS",?event_id=260,true
2013 IWF GRAND PRIX - PRESIDENT'S CUP,"Nov 21, 2013","Moscow, RUS",?event_id=255,true
XVII BOLIVAR GAMES,"Nov 17, 2013","Chiclayo, PER",?event_id=257,true
2013 SOUTH AMERICAN CHAMPIONSHIPS,"Nov 16, 2013","Chiclayo, PER",?event_id=256,true
AFRICAN CHAMPIONSHIPS,"Oct 28, 2013","Casablanca, MAR",?event_id=254,true
AFRICAN JUNIOR CHAMPIONSHIPS,"Oct 28, 2013","Casablanca, MAR",?event_id=266,true
AFRICAN YOUTH CHAMPIONSHIPS,"Oct 28, 2013","Casablanca, MAR",?event_id=267,true
2013 IWF WORLD CHAMPIONSHIPS,"Oct 16, 2013","Wroclaw, POL",?event_id=253,true
EUROPEAN JUNIOR CHAMPIONSHIPS,"Sep 23, 2013","Tallin, EST",?event_id=269,true
ASIAN INTERCLUB CHAMPIONSHIPS,"Sep 11, 2013","Pyongyang, PRK",?event_id=272,true
ASIAN JUNIOR CUP,"Sep 10, 2013","Pyongyang, PRK",?event_id=259,true
ASIAN CUP,"Sep 10, 2013","Pyongyang, PRK",?event_id=258,true
XIV PACIFIC MINI GAMES,"Sep 03, 2013","Wallis & Futuna, WAF",?event_id=252,true
PAN AMERICAN YOUTH CHAMPIONSHIPS,"Sep 03, 2013","Cancun, MEX",?event_id=251,true
EUROPEAN UNDER 17 CHAMPIONSHIPS,"Sep 01, 2013","Klaipeda, LTU",?event_id=264,true
2013 ASIAN YOUTH GAMES,"Aug 17, 2013","Nanjing, CHN",?event_id=265,true
PAN AMERICAN JUNIOR CHAMPIONSHIPS,"Jul 29, 2013","Santiago de Chile, CHI",?event_id=250,true
2013 SOUTH AMERICAN JUNIOR CHAMPIONSHIPS,"Jul 29, 2013","Santiago de Chile, CHI",?event_id=249,true
OCEANIA YOUTH CHAMPIONSHIPS,"Jul 12, 2013","Brisbane, AUS",?event_id=248,true
OCEANIA JUNIOR CHAMPIONSHIPS,"Jul 12, 2013","Brisbane, AUS",?event_id=247,true
OCEANIAN CHAMPIONSHIPS,"Jul 12, 2013","Brisbane, AUS",?event_id=246,true
27th SUMMER UNIVERSIADE,"Jul 06, 2013","Kazan, RUS",?event_id=245,true
ASIAN JUNIOR CHAMPIONSHIPS,"Jul 01, 2013","Bishkek, KGZ",?event_id=271,true
PAN AMERICAN CHAMPIONSHIPS,"Jun 22, 2013","Caracas, VEN",?event_id=241,true
ASIAN CHAMPIONSHIPS,"Jun 20, 2013","Astana, KAZ",?event_id=240,true
XVII MEDITERRANEAN GAMES,"Jun 20, 2013","Mersin, TUR",?event_id=243,true
ASIAN YOUTH CHAMPIONSHIPS,"May 26, 2013","Doha, QAT",?event_id=270,true
"10th INTERNATIONAL ""ASVO-NO"" WOMEN`S GRAND PRIX","May 09, 2013","Brunn am Gebirge, AUT",?event_id=273,true
2013 IWF JUNIOR WORLD CHAMPIONSHIPS,"May 03, 2013","Lima, PER",?event_id=239,true
35th EUROPEAN SMALL NATIONS TOURNAMENT,"Apr 26, 2013","Malta, MLT",?event_id=374,true
EUROPEAN CHAMPIONSHIPS,"Apr 08, 2013","Tirana, ALB",?event_id=237,true
2013 IWF YOUTH WORLD CHAMPIONSHIPS,"Apr 07, 2013","Tashkent, UZB",?event_id=236,true
VII MEDITERRANEAN CUP,"Jan 26, 2013","Brindisi, ITA",?event_id=268,true
PACIFIC CUP TOURNAMENT,"Dec 19, 2014","Mont Dore, NCL",?event_id=301,true
4th FISU WORLD UNIVERSITY CHAMPIONSHIPS,"Dec 05, 2014","Chiangmai, THA",?event_id=299,true
EUROPEAN JUNIOR CHAMPIONSHIPS,"Nov 21, 2014","Limassol, CYP",?event_id=305,true
3rd ASIAN CUP & INTERCLUBS JUNIOR CHAMPIONSHIPS,"Nov 18, 2014","Tashkent, UZB",?event_id=307,true
1st AFRO-ASIAN CHAMPIONSHIPS,"Nov 18, 2014","Tashkent, UZB",?event_id=300,true
3rd ASIAN CUP & INTERCLUBS CHAMPIONSHIPS,"Nov 18, 2014","Tashkent, UZB",?event_id=306,true
2014 IWF WORLD CHAMPIONSHIPS,"Nov 04, 2014","Almaty, KAZ",?event_id=298,true
1st EUROPEAN UNION JUNIOR CUP,"Sep 26, 2014","Split, CRO",?event_id=303,true
1st EUROPEAN UNION YOUTH CUP,"Sep 26, 2014","Split, CRO",?event_id=304,true
2014 ASIAN GAMES,"Sep 19, 2014","Incheon, KOR",?event_id=297,true
2014 IWF GRAND PRIX - PRESIDENT'S CUP,"Sep 06, 2014","NOYABRSK, RUS",?event_id=296,true
2nd YOUTH OLYMPIC GAMES,"Aug 16, 2014","Nanjing, CHN",?event_id=295,true
2014 COMMONWEALTH GAMES,"Jul 23, 2014","Glasgow, GBR",?event_id=291,true
2014 IWF JUNIOR WORLD CHAMPIONSHIPS,"Jun 20, 2014","Kazan, RUS",?event_id=288,true
PAN AMERICAN CHAMPIONSHIPS,"May 26, 2014","Santo Domingo, DOM",?event_id=290,true
2014 OCEANIAN CHAMPIONSHIPS,"May 25, 2014","Mont Dore, NCL",?event_id=287,true
2014 OCEANIAN JUNIOR CHAMPIONSHIPS,"May 25, 2014","Mont Dore, NCL",?event_id=286,true
2014 SOUTH PACIFIC CHAMPIONSHIPS,"May 25, 2014","Mont Dore, NCL",?event_id=292,true
2014 SOUTH PACIFIC JUNIOR CHAMPIONSHIPS,"May 25, 2014","Mont Dore, NCL",?event_id=293,true
2014 SOUTH PACIFIC YOUTH CHAMPIONSHIPS,"May 25, 2014","Mont Dore, NCL",?event_id=294,true
2014 OCEANIAN YOUTH CH. (YOG Qualification),"May 25, 2014","Mont Dore, NCL",?event_id=285,true
2014 AFRICAN YOUTH GAMES,"May 23, 2014","Gaborone, BOT",?event_id=289,true
2014 SOUTH AMERICAN YOUTH CHAMPIONSHIPS,"May 07, 2014","Lima, PER",?event_id=284,true
2014 PAN-AMERICAN YOUTH CH. (YOG Qualification),"May 07, 2014","LIMA, PER",?event_id=283,true
2014 EUROPEAN YOUTH CH. (YOG Qualification),"Apr 28, 2014","Ciechanow, POL",?event_id=282,true
2014 AFRICAN JUNIOR CHAMPIONSHIPS,"Apr 15, 2014","TUNIS, TUN",?event_id=280,true
AFRICAN YOUTH (YOG QUALIFICATION) CHAMPIONSHIPS,"Apr 15, 2014","TUNIS, TUN",?event_id=279,true
EUROPEAN CHAMPIONSHIPS,"Apr 05, 2014","Tel Aviv, ISR",?event_id=278,true
PAN AMERICAN JUNIOR CHAMPIONSHIPS,"Mar 31, 2014","Reno, USA",?event_id=277,true
ISLAMIC SOLIDARITY GAMES,"Mar 27, 2014","Kampala, UGA",?event_id=281,true
SOUTH AMERICAN GAMES,"Mar 07, 2014","Santiago, CHI",?event_id=276,true
2014 ASIAN JUNIOR CHAMPIONSHIP,"Mar 04, 2014","Bangsaen, THA",?event_id=275,true
ASIAN YOUTH (YOG Qualification) CHAMPIONSHIP,"Mar 04, 2014","Bangsaen, THA",?event_id=274,true
ARAB CHAMPIONSHIPS,"Dec 15, 2015","Sharm El Sheikh, EGY",?event_id=348,true
IWF GRAND PRIX 5th RUSSIAN FEDERATION PRESIDENT'S CUP,"Dec 12, 2015","Grozny, RUS",?event_id=342,true
SOUTH-AMERICAN JUNIOR CHAMPIONSHIPS,"Dec 09, 2015","Lima, PER",?event_id=345,true
SOUTH-AMERICAN YOUTH CHAMPIONSHIPS,"Dec 09, 2015","Lima, PER",?event_id=344,true
SOUTH-AMERICAN CHAMPIONSHIPS,"Dec 09, 2015","Lima, PER",?event_id=343,true
3rd INTERNATIONAL QATAR CUP,"Dec 06, 2015","Doha, QAT",?event_id=347,true
2015 IWF WORLD CHAMPIONSHIPS,"Nov 20, 2015","Houston, USA",?event_id=341,true
2015 COMMONWEALTH JUNIOR CHAMPIONSHIPS,"Oct 11, 2015","Balewadi, Pune, IND",?event_id=339,true
2015 COMMONWEALTH YOUTH CHAMPIONSHIPS,"Oct 11, 2015","Balewadi, Pune, IND",?event_id=338,true
2015 COMMONWEALTH CHAMPIONSHIPS,"Oct 11, 2015","Balewadi, Pune, IND",?event_id=337,true
EUROPEAN JUNIOR CHAMPIONSHIPS,"Oct 02, 2015","Klaipeda, LTU",?event_id=336,true
2015 IWF GRAND PRIX,"Sep 21, 2015","Fuzhou, CHN",?event_id=332,true
PAN-AMERICAN YOUTH CHAMPIONSHIPS,"Sep 15, 2015","San Luis Potosi, MEX",?event_id=331,true
ASIAN CHAMPIONSHIPS,"Sep 06, 2015","Phuket, THA",?event_id=333,true
2015 AFRICAN GAMES,"Sep 06, 2015","Brazzaville, CGO",?event_id=335,true
2015 COMMONWEALTH YOUTH GAMES,"Sep 05, 2015","Apia, SAM",?event_id=346,true
EUROPEAN YOUTH CHAMPIONSHIPS,"Aug 01, 2015","Landskrona, SWE",?event_id=334,true
AFRICAN JUNIOR CHAMPIONSHIPS,"Jul 27, 2015","Entebbe, UGA",?event_id=329,true
AFRICAN YOUTH CHAMPIONSHIPS,"Jul 27, 2015","Entebbe, UGA",?event_id=330,true
2015 PAN AMERICAN GAMES,"Jul 11, 2015","Toronto, CAN",?event_id=326,true
2015 PACIFIC GAMES,"Jul 06, 2015","Port Moresby, PNG",?event_id=328,true
OCEANIA JUNIOR CHAMPIONSHIPS,"Jul 06, 2015","Port Moresby, PNG",?event_id=324,true
OCEANIA CHAMPIONSHIPS,"Jul 06, 2015","Port Moresby, PNG",?event_id=325,true
OCEANIA YOUTH CHAMPIONSHIPS,"Jul 06, 2015","Port Moresby, PNG",?event_id=327,true
2015 IWF JUNIOR WORLD CHAMPIONSHIPS,"Jun 06, 2015","Wroclaw, POL",?event_id=322,true
PAN-AMERICAN JUNIOR CHAMPIONSHIPS,"May 05, 2015","Cartagena, COL",?event_id=323,true
EUROPEAN CHAMPIONSHIPS,"Apr 10, 2015","Tbilisi, GEO",?event_id=313,true
2015 IWF YOUTH WORLD CHAMPIONSHIPS,"Apr 07, 2015","Lima, PER",?event_id=312,true
3rd ISSF CHAMPIONSHIPS,"Mar 10, 2015","Antalya, TUR",?event_id=340,true
ARAB YOUTH CHAMPIONSHIPS,"Jan 01, 2015","Doha, QAT",?event_id=311,true
17th ASIAN YOUTH CHAMPIONSHIPS,"Jan 01, 2015","Doha, QAT",?event_id=310,true
ARAB JUNIOR CHAMPIONSHIPS,"Jan 01, 2015","Doha, QAT",?event_id=309,true
22nd WOMEN AND 29th MEN ASIAN JUNIOR CHAMPIONSHIPS,"Jan 01, 2015","Doha, QAT",?event_id=308,true
4th INTERNATIONAL QATAR CUP,"Dec 14, 2016","Doha, QAT",?event_id=376,true
2016 AFRICAN YOUTH CHAMPIONSHIPS,"Dec 08, 2016","Cairo, EGY",?event_id=373,true
2016 AFRICAN JUNIOR CHAMPIONSHIPS,"Dec 08, 2016","Cairo, EGY",?event_id=372,true
2016 EUROPEAN JUNIOR CHAMPIONSHIPS,"Dec 02, 2016","Eilat, ISR",?event_id=370,true
2016 FISU WORLD UNIVERSITY CHAMPIONSHIPS,"Nov 13, 2016","Merida, MEX",?event_id=367,true
2016 ASIAN JUNIOR CHAMPIONSHIPS,"Nov 08, 2016","Tokyo, JPN",?event_id=368,true
2016 ASIAN YOUTH CHAMPIONSHIPS,"Nov 08, 2016","Tokyo, JPN",?event_id=369,true
2016 JUNIOR COMMONWEALTH CHAMPIONSHIPS,"Oct 25, 2016","Penang, MAS",?event_id=366,true
2016 SENIOR COMMONWEALTH CHAMPIONSHIPS,"Oct 25, 2016","Penang, MAS",?event_id=365,true
2016 IWF YOUTH WORLD CHAMPIONSHIPS,"Oct 19, 2016","Penang, MAS",?event_id=364,true
2016 PAN-AMERICAN YOUTH CHAMPIONSHIPS,"Sep 20, 2016","Guatemala, GUA",?event_id=371,true
EUROPEAN YOUTH CHAMPIONSHIPS,"Sep 10, 2016","Nowy Tomysl, POL",?event_id=363,true
XXXI OLYMPIC GAMES,"Aug 05, 2016","Rio De Janeiro, BRA",?event_id=362,true
2016 IWF JUNIOR WORLD CHAMPIONSHIPS,"Jun 23, 2016","Tbilisi, GEO",?event_id=361,true
2016 PAN-AMERICAN CHAMPIONSHIPS,"Jun 06, 2016","Cartagena, COL",?event_id=360,true
1st INTERNATIONAL FAJR CUP,"May 30, 2016","Tehran, IRI",?event_id=359,true
2016 OCEANIAN YOUTH CHAMPIONSHIPS,"May 23, 2016","Suva, FIJ",?event_id=358,true
2016 OCEANIAN JUNIOR CHAMPIONSHIPS,"May 23, 2016","Suva, FIJ",?event_id=357,true
2016 OCEANIAN CHAMPIONSHIPS,"May 23, 2016","Suva, FIJ",?event_id=356,true
2016 AFRICAN CHAMPIONSHIPS,"May 07, 2016","Yaounde, CMR",?event_id=355,true
PAN-AMERICAN JUNIOR CHAMPIONSHIPS,"Apr 23, 2016","San Salvador, ESA",?event_id=354,true
2016 ASIAN CHAMPIONSHIPS,"Apr 22, 2016","Tashkent, UZB",?event_id=353,true
2016 EUROPEAN CHAMPIONSHIPS,"Apr 08, 2016","Forde, NOR",?event_id=350,true
SOUTH-AMERICAN CHAMPIONSHIPS,"Apr 07, 2016","Rio de Janeiro, BRA",?event_id=352,true
TEST EVENT FOR RIO 2016 OLYMPIC GAMES,"Apr 07, 2016","Rio de Janeiro, BRA",?event_id=351,true
6th RUSSIAN FEDERATION PRESIDENT'S CUP - IWF GRAND PRIX,"Mar 18, 2016","Kazan, RUS",?event_id=349,true
2017 SOUTH AMERICAN JUNIOR CHAMPIONSHIPS,"Dec 12, 2017","Lima, PER",?event_id=410,true
2017 SOUTH AMERICAN YOUTH CHAMPIONSHIPS,"Dec 12, 2017","Lima, PER",?event_id=409,true
I COPA INTERNACIONAL CSLP (Junior),"Dec 12, 2017","Lima, PER",?event_id=408,true
I COPA INTERNACIONAL CSLP (Youth),"Dec 12, 2017","Lima, PER",?event_id=406,true
2017 IWF WORLD CHAMPIONSHIPS,"Nov 27, 2017","Anaheim, USA",?event_id=405,true
SOUTH AMERICAN CHAMPIONSHIPS,"Nov 17, 2017","Santa Marta, COL",?event_id=413,true
18th BOLIVARIAN GAMES,"Nov 17, 2017","Santa Marta, COL",?event_id=411,true
PAN-AMERICAN YOUTH CHAMPIONSHIPS,"Oct 28, 2017","Palmira, COL",?event_id=404,true
EUROPEAN JUNIOR CHAMPIONSHIPS,"Oct 15, 2017","Durres, ALB",?event_id=401,true
AFRICAN YOUTH CHAMPIONSHIPS,"Oct 07, 2017","Entebbe, UGA",?event_id=403,true
AFRICAN JUNIOR CHAMPIONSHIPS,"Oct 07, 2017","Entebbe, UGA",?event_id=402,true
2nd SOUTH AMERICAN YOUTH GAMES,"Oct 04, 2017","Santiago, CHI",?event_id=412,true
EUROPEAN YOUTH CHAMPIONSHIPS,"Sep 23, 2017","Pristina, KOS",?event_id=407,true
5th ASIAN INDOOR & MARTIAL ARTS GAMES,"Sep 17, 2017","Ashgabat, TKM",?event_id=399,true
CENTRAL AMERICAN AND CARIBBEAN CHAMPIONSHIPS,"Sep 17, 2017","Guatemala City, GUA",?event_id=400,true
OCEANIA YOUTH CHAMPIONSHIPS,"Sep 03, 2017","Gold Coast, AUS",?event_id=398,true
OCEANIA JUNIOR CHAMPIONSHIPS,"Sep 03, 2017","Gold Coast, AUS",?event_id=397,true
OCEANIA CHAMPIONSHIPS,"Sep 03, 2017","Gold Coast, AUS",?event_id=396,true
COMMONWEALTH CHAMPIONSHIPS,"Sep 03, 2017","Gold Coast, AUS",?event_id=395,true
COMMONWEALTH JUNIOR CHAMPIONSHIPS,"Sep 03, 2017","Gold Coast, AUS",?event_id=394,true
COMMONWEALTH YOUTH CHAMPIONSHIPS,"Sep 03, 2017","Gold Coast, AUS",?event_id=393,true
29th SEA GAMES,"Aug 28, 2017","Kuala Lumpur, MAS",?event_id=392,true
29th SUMMER UNIVERSIADE,"Aug 19, 2017","Taipei, TPE",?event_id=391,true
PACIFIC CUP INTERNATIONAL,"Aug 05, 2017","Noumea, NCL",?event_id=390,true
ASIAN YOUTH CHAMPIONSHIPS,"Jul 21, 2017","Kathmandu, NEP",?event_id=389,true
ASIAN JUNIOR CHAMPIONSHIPS,"Jul 21, 2017","Kathmandu, NEP",?event_id=388,true
PAN-AMERICAN CHAMPIONSHIPS,"Jul 20, 2017","Miami, USA",?event_id=387,true
AFRICAN CHAMPIONSHIPS,"Jul 10, 2017","Vacoas, MRI",?event_id=386,true
2017 IWF JUNIOR WORLD CHAMPIONSHIPS,"Jun 15, 2017","Tokyo, JPN",?event_id=385,true
4th ISLAMIC SOLIDARITY GAMES,"May 12, 2017","Baku, AZE",?event_id=383,true
PAN-AMERICAN JUNIOR CHAMPIONSHIPS,"May 01, 2017","Guayaquil, ECU",?event_id=382,true
ASIAN CHAMPIONSHIPS,"Apr 21, 2017","Ashgabat, TKM",?event_id=381,true
2017 IWF YOUTH WORLD CHAMPIONSHIPS,"Apr 03, 2017","Bangkok, THA",?event_id=378,true
EUROPEAN CHAMPIONSHIPS,"Apr 01, 2017","Split, CRO",?event_id=380,true
AUSTRALIAN INTERNATIONAL,"Mar 17, 2017","Melbourne, AUS",?event_id=379,true
2nd INTERNATIONAL FAJR CUP,"Mar 09, 2017","Ahvaz, IRI",?event_id=375,true
2018 EUROPEAN JUNIOR CHAMPIONSHIPS,"Oct 20, 2018","Zamosc, POL",?event_id=436,true
YOUTH OLYMPIC GAMES,"Oct 06, 2018","Buenos Aires, ARG",?event_id=440,true
2018 FISU WORLD UNIVERSITY CHAMPIONSHIPS,"Sep 20, 2018","Biala_Podlaska, POL",?event_id=438,true
PAN-AMERICAN JUNIOR CHAMPIONSHIPS,"Sep 05, 2018","Manizales, COL",?event_id=437,true
18th ASIAN GAMES,"Aug 20, 2018","Jakarta, INA",?event_id=435,true
AFRICAN CHAMPIONSHIPS,"Aug 10, 2018","Mahébourg, MRI",?event_id=439,true
2018 EUROPEAN YOUTH CHAMPIONSHIPS,"Jul 22, 2018","Milano, ITA",?event_id=433,true
3rd AFRICAN YOUTH GAMES,"Jul 19, 2018","Algiers, ALG",?event_id=434,true
2018 IWF JUNIOR WORLD CHAMPIONSHIPS,"Jul 07, 2018","Tashkent, UZB",?event_id=432,true
2018 OCEANIAN SENIOR CHAMPIONSHIPS,"Jun 26, 2018","Mont-Dore, NCL",?event_id=429,true
2018 OCEANIAN JUNIOR CHAMPIONSHIPS,"Jun 26, 2018","Mont-Dore, NCL",?event_id=428,true
2018 OCEANIAN YOUTH CHAMPIONSHIPS,"Jun 26, 2018","Mont-Dore, NCL",?event_id=427,true
XVIII MEDITERRANEAN GAMES,"Jun 22, 2018","Tarragona, ESP",?event_id=431,true
2018 PAN-AMERICAN YOUTH CHAMPIONSHIPS,"Jun 03, 2018","Palmira, COL",?event_id=423,true
SOUTH AMERICAN CHAMPIONSHIPS,"May 28, 2018","Cochabamba, BOL",?event_id=426,true
XI SOUTH AMERICAN GAMES,"May 28, 2018","Cochabamba, BOL",?event_id=430,true
"XI INTERNATIONAL TOURNAMENT ""VLADAN MIHAJLOVIC""","May 19, 2018","Indjija, SRB",?event_id=424,true
PAN-AMERICAN CHAMPIONSHIPS,"May 12, 2018","Santo Domingo, DOM",?event_id=425,true
2018 ASIAN YOUTH CHAMPIONSHIPS,"Apr 20, 2018","Urgench, UZB",?event_id=420,true
2018 ASIAN JUNIOR CHAMPIONSHIPS,"Apr 20, 2018","Urgench, UZB",?event_id=421,true
XXI COMMONWEALTH GAMES,"Apr 04, 2018","Gold Coast, AUS",?event_id=419,true
EUROPEAN CHAMPIONSHIPS,"Mar 26, 2018","Bucharest, ROU",?event_id=418,true
2018 AFRICAN JUNIOR CHAMPIONSHIPS,"Mar 23, 2018","Cairo, EGY",?event_id=417,true
2018 AFRICAN YOUTH CHAMPIONSHIPS,"Mar 23, 2018","Cairo, EGY",?event_id=416,true
3rd INTERNATIONAL FAJR CUP,"Mar 06, 2018","Ahvaz, IRI",?event_id=415,true
